[{"uri":"http://boxbit.co.in/sign_in?p=r&wallet=38Wk9hqBPdHQGwKodNBV6j8dxpCdUoAxJQ","value":"firebugged.showFirebug"},{"uri":"https://www.google.com/","value":"firebugged.showFirebug"},{"uri":"https://www.google.com/recaptcha/api2/demo","value":"firebugged.showFirebug"},{"uri":"http://boxbit.co.in/sign_in?p=r&wallet=%D0%BA%D0%BE%D1%88%D0%B5%D0%BB%D0%B5","value":"firebugged.showFirebug"},{"uri":"https://accounts.google.com/","value":"firebugged.showFirebug"},{"uri":"https://accounts.google.com/signin/challenge/iap/4?TL=AHnYQLwqWAmczeOBZccMzVfsvomDP9aTHWlqHse6d3dKwz20CwXMPkr-u5U0AwHrvm4kathwM5on7UqlB7XI_U9cEh5u7PazFwLLcENzBxpazU1KHsFP2UYNzUKWB-g6H14jIbtmZF4e-Vfiw6ou4xyx22vQSBZ5cQ%3D%3D","value":"firebugged.showFirebug"},{"uri":"https://addmefast.com/free_points/youtube_likes?c=1","value":"firebugged.showFirebug"},{"uri":"https://www.youtube.com/watch?v=hPk4Un1RUqM","value":"firebugged.showFirebug"},{"uri":"https://www.youtube.com/channel/UCjKMjwJc_xuJqvar60qd4jA","value":"firebugged.showFirebug"}]