{"title":"","id":1,"dateAdded":1454227436303000,"lastModified":1454665660225000,"type":"text/x-moz-place-container","root":"placesRoot","children":[{"title":"Меню закладок","id":2,"parent":1,"dateAdded":1454227436303000,"lastModified":1457298979013000,"type":"text/x-moz-place-container","root":"bookmarksMenuFolder","children":[{"title":"","id":18,"parent":2,"dateAdded":1454227436523000,"lastModified":1454227436523000,"type":"text/x-moz-place-separator"}]},{"index":1,"title":"Панель закладок","id":3,"parent":1,"dateAdded":1454227436303000,"lastModified":1473347306220000,"annos":[{"name":"bookmarkProperties/description","flags":0,"expires":4,"mimeType":null,"type":3,"value":"Add bookmarks to this folder to see them displayed on the Bookmarks Toolbar"}],"type":"text/x-moz-place-container","root":"toolbarFolder","children":[]},{"index":2,"title":"Метки","id":4,"parent":1,"dateAdded":1454227436303000,"lastModified":1454227436303000,"type":"text/x-moz-place-container","root":"tagsFolder","children":[]},{"index":3,"title":"Неподшитые закладки","id":5,"parent":1,"dateAdded":1454227436303000,"lastModified":1473283501962000,"type":"text/x-moz-place-container","root":"unfiledBookmarksFolder","children":[]}]}