{"title":"","id":1,"dateAdded":1454227436303000,"lastModified":1454665660225000,"type":"text/x-moz-place-container","root":"placesRoot","children":[{"title":"Меню закладок","id":2,"parent":1,"dateAdded":1454227436303000,"lastModified":1457298979013000,"type":"text/x-moz-place-container","root":"bookmarksMenuFolder","children":[{"title":"","id":18,"parent":2,"dateAdded":1454227436523000,"lastModified":1454227436523000,"type":"text/x-moz-place-separator"}]},{"index":1,"title":"Панель закладок","id":3,"parent":1,"dateAdded":1454227436303000,"lastModified":1473283501962000,"annos":[{"name":"bookmarkProperties/description","flags":0,"expires":4,"mimeType":null,"type":3,"value":"Add bookmarks to this folder to see them displayed on the Bookmarks Toolbar"}],"type":"text/x-moz-place-container","root":"toolbarFolder","children":[{"title":"Free bitcoins here | BoxBit.co.in - Win free bitcoins every 10 minutes! Play daily game and take a BIG prize!","id":28,"parent":3,"dateAdded":1473279344255000,"lastModified":1473279344260000,"annos":[{"name":"bookmarkProperties/description","flags":0,"expires":4,"mimeType":null,"type":3,"value":"Bonuses issued every 10 minutes, which is very easy to get. Click and get your free bitcoins! - BoxBit.co.in - Win free bitcoins every 10 minutes! Play daily game and take a BIG prize"}],"type":"text/x-moz-place","uri":"http://boxbit.co.in/sign_in?p=r&wallet=38Wk9hqBPdHQGwKodNBV6j8dxpCdUoAxJQ","charset":"UTF-8"},{"index":1,"title":"Демонстрация ReCAPTCHA","id":29,"parent":3,"dateAdded":1473279373807000,"lastModified":1473279373809000,"type":"text/x-moz-place","uri":"https://www.google.com/recaptcha/api2/demo","charset":"UTF-8"},{"index":2,"title":"Накрутка лайков, подписчиков в ВКонтакте, Instagram, Twitter, Facebook","id":30,"parent":3,"dateAdded":1473283497402000,"lastModified":1473283497405000,"annos":[{"name":"bookmarkProperties/description","flags":0,"expires":4,"mimeType":null,"type":3,"value":"На сайте ad-social вы сможете бесплатно накрутить лайки, подписчиков, репосты, раскручивать группы, а так же получать массу комментариев."}],"type":"text/x-moz-place","uri":"http://ad-social.org/","charset":"UTF-8"}]},{"index":2,"title":"Метки","id":4,"parent":1,"dateAdded":1454227436303000,"lastModified":1454227436303000,"type":"text/x-moz-place-container","root":"tagsFolder","children":[]},{"index":3,"title":"Неподшитые закладки","id":5,"parent":1,"dateAdded":1454227436303000,"lastModified":1473283501962000,"type":"text/x-moz-place-container","root":"unfiledBookmarksFolder","children":[]}]}